{
  "rmse": [
    0.5546768307685852,
    0.6794390082359314,
    0.6000311374664307,
    0.5926095843315125,
    0.5196749567985535,
    0.48553138971328735,
    0.5451768040657043,
    0.610860288143158,
    0.5282357335090637,
    0.48805707693099976,
    0.5090819597244263,
    0.4956098794937134,
    0.48747730255126953,
    0.5125851631164551,
    0.42980968952178955,
    0.45254141092300415,
    0.43301236629486084,
    0.457952618598938,
    0.42456215620040894,
    0.49368250370025635,
    0.4564400315284729,
    0.40140724182128906,
    0.4305114448070526,
    0.37939971685409546,
    0.4016486406326294,
    0.391789048910141,
    0.39199110865592957,
    0.39032691717147827,
    0.37158894538879395,
    0.39486920833587646,
    0.3810228407382965,
    0.36630192399024963,
    0.36834171414375305,
    0.3568796217441559,
    0.364210307598114,
    0.3474377989768982,
    0.34557998180389404,
    0.3587210178375244,
    0.3459567725658417,
    0.3448413610458374,
    0.3356354832649231,
    0.3237229883670807,
    0.3376525938510895,
    0.3172178566455841,
    0.3323405086994171,
    0.3134421408176422,
    0.32933419942855835,
    0.3312898576259613,
    0.31237465143203735,
    0.31363460421562195,
    0.3094225823879242
  ],
  "aleatoric": [
    8.128302574157715,
    22.723379135131836,
    32.545616149902344,
    74.27838134765625,
    32.87845993041992,
    44.06843185424805,
    37.673728942871094,
    13.277769088745117,
    15.261947631835938,
    9.162320137023926,
    10.736884117126465,
    37.16345977783203,
    12.128315925598145,
    6.601290225982666,
    8.761083602905273,
    5.23964786529541,
    4.186348915100098,
    4.713578701019287,
    4.088840007781982,
    3.744143009185791,
    3.4228336811065674,
    4.098200798034668,
    3.7366271018981934,
    2.5164108276367188,
    2.754700183868408,
    2.156085968017578,
    2.1701574325561523,
    1.6872466802597046,
    1.7789950370788574,
    1.7523484230041504,
    1.4317306280136108,
    1.3703304529190063,
    1.3654855489730835,
    1.341317057609558,
    1.201788306236267,
    1.1570318937301636,
    0.9483972191810608,
    0.9175364375114441,
    0.8709477186203003,
    0.8722330331802368,
    0.8507488965988159,
    0.7403813600540161,
    0.6846858859062195,
    0.6646248698234558,
    0.6801280975341797,
    0.5760520696640015,
    0.5672679543495178,
    0.5919941663742065,
    0.5292357802391052,
    0.48814651370048523,
    0.5132211446762085
  ],
  "epistemic": [
    2.143052339553833,
    2.105926752090454,
    2.13037371635437,
    1.8857375383377075,
    1.8445500135421753,
    2.052278518676758,
    1.6839224100112915,
    1.7764394283294678,
    1.4671244621276855,
    1.4453468322753906,
    1.2564946413040161,
    1.4090756177902222,
    1.4111391305923462,
    1.2814987897872925,
    1.099255084991455,
    1.1544703245162964,
    0.9736021161079407,
    1.0233699083328247,
    0.8694943785667419,
    0.8155410289764404,
    0.8404844999313354,
    0.7230680584907532,
    0.8795778751373291,
    0.7256420254707336,
    0.6797195076942444,
    0.5710052847862244,
    0.6133608222007751,
    0.5285733342170715,
    0.4581349492073059,
    0.49092772603034973,
    0.44717708230018616,
    0.3938494026660919,
    0.41914358735084534,
    0.35164839029312134,
    0.35168197751045227,
    0.3167095184326172,
    0.3069302439689636,
    0.249470517039299,
    0.22259999811649323,
    0.24381762742996216,
    0.2732340097427368,
    0.2385808676481247,
    0.19044169783592224,
    0.18599502742290497,
    0.16744044423103333,
    0.15433712303638458,
    0.15514564514160156,
    0.15178082883358002,
    0.11938129365444183,
    0.11797007918357849,
    0.1045362651348114
  ]
}